time;151;191;217;232;282;320;867;1103;1107;1279;1332;1357;1550;2261;2290;2480;2559;2597;2600;2680;2700;2750;3244;3271;3621;3668;3679;3730;3739;4104;4261;4287;4592;4911;5017;5111;5397;5404;5440;5538;5705;5792;5941
1781-01-01;;;;;;;;;;;;;;;7.18;;;;;;;;;;;;;;;;;;;;;;;;;;;;
1782-01-01;;;;;;;;;;;;;;;5.07;;;;;;;;;;;;;;;;;;;;;;;;;;;;
1783-01-01;;;;;;;;;;;;;;;6.42;;;;;;;;;;;;;;;;;;;;;;;;;;;;
1784-01-01;;;;;;;;;;;;;;;4.61;;;;;;;;;;;;;;;;;;;;;;;;;;;;
1785-01-01;;;;;;;;;;;;;;;4.24;;;;;;;;;;;;;;;;;;;;;;;;;;;;
1786-01-01;;;;;;;;;;;;;;;4.58;;;;;;;;;;;;;;;;;;;;;;;;;;;;
1787-01-01;;;;;;;;;;;;;;;6.32;;;;;;;;;;;;;;;;;;;;;;;;;;;;
1788-01-01;;;;;;;;;;;;;;;5.55;;;;;;;;;;;;;;;;;;;;;;;;;;;;
1789-01-01;;;;;;;;;;;;;;;5.63;;;;;;;;;;;;;;;;;;;;;;;;;;;;
1790-01-01;;;;;;;;;;;;;;;6.28;;;;;;;;;;;;;;;;;;;;;;;;;;;;
1791-01-01;;;;;;;;;;;;;;;6.29;;;;;;;;;;;;;;;;;;;;;;;;;;;;
1792-01-01;;;;;;;;;;;;;;;6.16;;;;;;;;;;;;;;;;;;;;;;;;;;;;
1793-01-01;;;;;;;;;;;;;;;6.78;;;;;;;;;;;;;;;;;;;;;;;;;;;;
1794-01-01;;;;;;;;;;;;;;;7.04;;;;;;;;;;;;;;;;;;;;;;;;;;;;
1795-01-01;;;;;;;;;;;;;;;6.51;;;;;;;;;;;;;;;;;;;;;;;;;;;;
1796-01-01;;;;;;;;;;;;;;;6.07;;;;;;;;;;;;;;;;;;;;;;;;;;;;
1797-01-01;;;;;;;;;;;;;;;6.99;;;;;;;;;;;;;;;;;;;;;;;;;;;;
1798-01-01;;;;;;;;;;;;;;;5.78;;;;;;;;;;;;;;;;;;;;;;;;;;;;
1799-01-01;;;;;;;;;;;;;;;5.19;;;;;;;;;;;;;;;;;;;;;;;;;;;;
1800-01-01;;;;;;;;;;;;;;;6.62;;;;;;;;;;;;;;;;;;;;;;;;;;;;
1801-01-01;;;;;;;;;;;;;;;6.41;;;;;;;;;;;;;;;;;;;;;;;;;;;;
1802-01-01;;;;;;;;;;;;;;;6.61;;;;;;;;;;;;;;;;;;;;;;;;;;;;
1803-01-01;;;;;;;;;;;;;;;5.36;;;;;;;;;;;;;;;;;;;;;;;;;;;;
1804-01-01;;;;;;;;;;;;;;;6.05;;;;;;;;;;;;;;;;;;;;;;;;;;;;
1805-01-01;;;;;;;;;;;;;;;4.64;;;;;;;;;;;;;;;;;;;;;;;;;;;;
1806-01-01;;;;;;;;;;;;;;;7.22;;;;;;;;;;;;;;;;;;;;;;;;;;;;
1807-01-01;;;;;;;;;;;;;;;6.72;;;;;;;;;;;;;;;;;;;;;;;;;;;;
1808-01-01;;;;;;;;;;;;;;;5.55;;;;;;;;;;;;;;;;;;;;;;;;;;;;
1809-01-01;;;;;;;;;;;;;;;7.24;;;;;;;;;;;;;;;;;;;;;;;;;;;;
1810-01-01;;;;;;;;;;;;;;;7.62;;;;;;;;;;;;;;;;;;;;;;;;;;;;
1813-01-01;;;;;;;;;;;;;;;4.9;;;;;;;;;;;;;;;;;;;;;;;;;;;;
1814-01-01;;;;;;;;;;;;;;;4.84;;;;;;;;;;;;;;;;;;;;;;;;;;;;
1815-01-01;;;;;;;;;;;;;;;5.2;;;;;;;;;;;;;;;;;;;;;;;;;;;;
1816-01-01;;;;;;;;;;;;;;;3.94;;;;;;;;;;;;;;;;;;;;;;;;;;;;
1817-01-01;;;;;;;;;;;;;;;5.36;;;;;;;;;;;;;;;;;;;;;;;;;;;;
1818-01-01;;;;;;;;;;;;;;;6.35;;;;;;;;;;;;;;;;;;;;;;;;;;;;
1819-01-01;;;;;;;;;;;;;;;6.36;;;;;;;;;;;;;;;;;;;;;;;;;;;;
1820-01-01;;;;;;;;;;;;;;;4.91;;;;;;;;;;;;;;;;;;;;;;;;;;;;
1821-01-01;;;;;;;;;;;;;;;6.2;;;;;;;;;;;;;;;;;;;;;;;;;;;;
1822-01-01;;;;;;;;;;;;;;;7.37;;;;;;;;;;;;;;;;;;;;;;;;;;;;
1823-01-01;;;;;;;;;;;;;;;5.74;;;;;;;;;;;;;;;;;;;;;;;;;;;;
1824-01-01;;;;;;;;;;;;;;;6.07;;;;;;;;;;;;;;;;;;;;;;;;;;;;
1825-01-01;;;;;;;;;;;;;;;5.88;;;;;;;;;;;;;;;;;;;;;;;;;;;;
1826-01-01;;;;;;;;;;;;;;;5.85;;;;;;;;;;;;;;;;;;;;;;;;;;;;
1827-01-01;;;;;;;;;;;;;;;5.74;;;;;;;;;;;;;;;;;;;;;;;;;;;;
1828-01-01;;;;;;;;;;;;;;;6.3;;;;;;;;;;;;;;;;;;;;;;;;;;;;
1829-01-01;;;;;;;;;;;;;;;3.73;;;;;;;;;;;;;;;;;;;;;;;;;;;;
1830-01-01;;;;;;;;;;;;;;;5.36;;;;;;;;;;;;;;;;;;;;;;;;;;;;
1831-01-01;;;;;;;;;;;;;;;6.16;;;;;;;;;;;;;;;;;;;;;;;;;;;;
1832-01-01;;;;;;;;;;;;;;;5.65;;;;;;;;;;;;;;;;;;;;;;;;;;;;
1833-01-01;;;;;;;;;;;;;;;5.77;;;;;;;;;;;;;;;;;;;;;;;;;;;;
1834-01-01;;;;;;;;;;;;;;;7.07;;;;;;;;;;;;;;;;;;;;;;;;;;;;
1835-01-01;;;;;;;;;;;;;;;5.18;;;;;;;;;;;;;;;;;;;;;;;;;;;;
1836-01-01;;;;;;;;;;;;;;;5.62;;;;;;;;;;;;;;;;;;;;;;;;;;;;
1837-01-01;;;;;;;;;;;;;;;4.69;;;;;;;;;;;;;;;;;;;;;;;;;;;;
1838-01-01;;;;;;;;;;;;;;;4.66;;;;;;;;;;;;;;;;;;;;;;;;;;;;
1839-01-01;;;;;;;;;;;;;;;5.82;;;;;;;;;;;;;;;;;;;;;;;;;;;;
1840-01-01;;;;;;;;;;;;;;;4.75;;;;;;;;;;;;;;;;;;;;;;;;;;;;
1841-01-01;;;;;;;;;;;;;;;6.31;;;;;;;;;;;;;;;;;;;;;;;;;;;;
1842-01-01;;;;;;;;;;;;;;;5.15;;;;;;;;;;;;;;;;;;;;;;;;;;;;
1843-01-01;;;;;;;;;;;;;;;5.33;;;;;;;;;;;;;;;;;;;;;;;;;;;;
1844-01-01;;;;;;;;;;;;;;;4.62;;;;;;;;;;;;;;;;;;;;;;;;;;;;
1845-01-01;;;;;;;;;;;;;;;4.83;;;;;;;;;;;;;;;;;;;;;;;;;;;;
1846-01-01;;;;;;;;;;;;;;;6.62;;;;;;;;;;;;;;;;;;;;;;;;;;;;
1847-01-01;;;;;;;;;;;;;;;5.1;;;;;;;;;;;;;;;;;;;;;;;;;;;;
1848-01-01;;;;;;;;;;;;;;;5.86;;;;;;;;;;;;;;;;;;;;;;;;;;;;
1849-01-01;;;;;;;;;;;;;;;5.34;;;;;;;;;;;;;;;;;;;;;;;;;;;;
1850-01-01;;;;;;;;;;;;;;;4.71;;;;;;;;;;;;;;;;;;;;;;;;;;;;
1851-01-01;;;;;;6.92;;;;;;;;;5.19;;;;;;;;;;;;;;;;;;;;;;;;;;;;
1852-01-01;;;;;;8.6;;;;;;;;;6.98;;;;;;;;;;;;;;;;;;;;;;;;;;;;
1853-01-01;;;;;;6.42;;;;;;;;;5.38;;;;;;;;;;;;;;;;;;;;;;;;;;;;
1854-01-01;;;;;;7.06;;;;;;;;;5.92;;;;;;;;;;;;;;;;;;;;;;;;;;;;
1855-01-01;;;;;;6.15;;;;;;;;;5.48;;;;;;;;;;;;;;;;;;;;;;;;;;;;
1856-01-01;;;;;;7.26;;;;;;;;;6.62;;;;;;;;;;;;;;;;;;;;;;;;;;;;
1857-01-01;;;;;;7.71;;;;;;;;;6.87;;;;;;;;;;;;;;;;;;;;;;;;;;;;
1858-01-01;;;;;;6.38;;;;;;;;;5.7;;;;;;;;;;;;;;;;;;;;;;;;;;;;
1859-01-01;;;;;;8.48;;;;;;;;;7.0;;;;;;;;;;;;;;;;;;;;;;;;;;;;
1860-01-01;;;;;;6.66;;;;;;;;;4.97;;;;;;;;;;;;;;;;;;;;;;;;;;;;
1861-01-01;;;;;;7.4;;;;;;;;;6.52;;;;;;;;;;;;;;;;;;;;;;;;;;;;
1862-01-01;;;;;;8.13;;;;;;;;;7.13;;;;;;;;;;;;;;;;;;;;;;;;;;;;
1863-01-01;;;;;;8.43;;;;;;;;;6.94;;;;;;;;;;;;;;;;;;;;;;;;;;;;
1864-01-01;;;;;;5.75;;;;;;;;;4.61;;;;;;;;;;;;;;;;;;;;;;;;;;;;
1865-01-01;;;;;;7.55;;;;;;;;;6.45;;;;;;;;;;;;;;;;;;;;;;;;;;;;
1866-01-01;;;;;;8.38;;;;;;;;;6.67;;;;;;;;;;;;;;;;;;;;;;;;;;;;
1867-01-01;;;;;;7.58;;;;;;;;;5.67;;;;;;;;;;;;;;;;;;;;;;;;;;;;
1868-01-01;;;;;;8.96;;;;;;;;;6.78;;;;;;;;;;;;;;;;;;;;;;;;;;;;
1869-01-01;;;;;;7.76;;;;;;;;;5.84;;;;;;;;;;;;;;;;;;;;;;;;;;;;
1870-01-01;;;;;;6.57;;;;;;;;;4.6;;;;;;;;;;;;;;;;;;;;;;;;;;;;
1871-01-01;;;;;;5.91;;;;;;;;;4.46;;;;;;;;;;;;;;;;;;;;;;;;;;;;
1872-01-01;;;;;;8.51;;;;;;;;;7.09;;;;;;;;;;;;;;;;;;;;;;;;;;;;
1873-01-01;;;;;;8.14;;;;;;;;;6.25;;;;;;;;;;;;;;;;;;;;;;;;;;;;
1874-01-01;;;;;;7.31;;;;;;;;;5.86;;;;;;;;;;;;;;;;;;;;;;;;;;;;
1875-01-01;;;;;;7.07;;;;;;;;;5.36;;;;;;;;;;;;;;;;;;;;;;;;;;;;
1876-01-01;;;;;;7.73;;;;;;;;;6.18;;;;;;;;;;;;;;;;;;;;;;;;;;;;
1877-01-01;;;;;;7.97;;;;;;;;;5.76;;;;;;;;;;;;;;;;;;;;;;;;;;;;
1878-01-01;;;;;;7.84;;;;;;;;;5.58;;;;;;;;;;;;;;;;;;;;;;;;;;;;
1879-01-01;;;;;;5.98;;;;;;;;;4.66;;;;;;;;;;;6.8;;;;7.09;;;;;;;;;6.54;;;;
1880-01-01;;;;;;7.67;;;;;;;;;6.47;;;;;;;;;;;8.54;;;;8.4;;;;;;;;;8.24;;;;
1881-01-01;;;;;;6.78;;;;;;;;;5.84;;;7.11;;;;;;;;7.96;;;;7.88;;;;;;;;;7.38;;;;
1882-01-01;;;;;;7.74;;;;;;;;;6.42;;;7.81;;;;;;;;8.51;;;;8.57;;;;;;;;;8.09;;;;
1883-01-01;;;;;;7.32;7.64;;;;;;;;5.43;;;7.72;;;;;;;;8.14;;;;8.29;;;;;;;;;7.66;;;;
1884-01-01;;;;;;7.93;8.26;;;;;;;;6.43;;;8.26;;;;;;;;8.86;;;;8.88;;;;;;;;;8.41;;;;
1885-01-01;;;;;;7.36;7.62;;;;;;;;6.34;;;7.42;;;;;;;;8.34;;;;8.42;;;;;;;;;7.92;;;;
1886-01-01;;;;;;7.77;7.98;;;;;;;;6.2;;;7.63;;;;;;;;8.66;;5.86;;8.73;;;;;;;;;8.13;;;;
1887-01-01;;;;;;6.43;7.48;;;;;;;;4.9;;;6.4;;;;;;;;7.35;;4.2;;7.47;;;;;;;;;6.74;;;;
1888-01-01;;;;;;6.59;7.11;;;;;;;;5.42;;;6.62;;;;;;;;7.41;;4.57;;7.53;;;;;;;;;6.95;;;;
1889-01-01;;;;;;6.75;7.44;;;;;;5.63;;5.06;;;7.07;;;;;;;;7.77;;4.22;;7.83;;;;;;;;;7.19;;;;
1890-01-01;;;;;;6.94;7.67;;;;;;;;5.1;;;7.14;;;;;;;;7.95;;4.55;;7.95;;;;;;;;;7.34;;;;
1891-01-01;;;;;;7.0;7.58;;;;;;;;5.59;;;7.02;;;;;;;;7.88;;4.55;;7.79;;;;;;;;;7.4;;;;
1892-01-01;;;;;;7.38;7.91;;;;;;;;6.15;;;7.27;;;;;;;;8.29;;5.58;;8.28;;;;;;;;;7.67;;;;
1893-01-01;;;;;;7.41;7.95;;;;;;;;6.24;;;7.62;;;;;;;;8.48;;5.58;;8.22;;;;;;;;;7.78;;;;
1894-01-01;;;;;;7.76;8.08;;;;;;;;6.14;;;8.03;;;;;;;;8.71;;5.59;;8.49;;;;;;;;;8.07;;;;
1895-01-01;;;;;;6.91;7.63;;;;;;5.18;;5.71;;;6.93;;;;;;;;8.06;;5.2;;7.79;;;;;;;;;7.36;;;;
1896-01-01;;;;;;7.16;7.3;;;;;;4.65;;5.26;8.03;;7.68;;;;;;;;8.05;;4.81;;7.27;;;;;;;;;7.52;;;;
1897-01-01;;;;;;7.78;7.63;;;;;;;;6.36;8.38;;7.95;;;;;;;;8.64;;5.82;;7.85;;;;;;;;;8.24;;;;
1898-01-01;;;;;;8.36;8.06;;;;;;6.75;;7.24;8.84;;8.37;;;;;;;;8.93;;6.32;;8.47;;;;;;;;;8.75;;;;
1899-01-01;;;;;;7.96;7.64;;;;;;6.48;;6.66;8.18;;7.63;;;;;;;;8.42;;6.04;;7.72;;;;;;;;;8.07;;;;
1900-01-01;;;;;;8.33;8.02;;;;;;7.13;;6.84;8.85;;8.12;;;;;;;7.78;8.87;;6.2;;8.24;;;;;;;;;8.54;;;;
1901-01-01;;;;;;7.33;6.74;;;;;;6.3;;5.63;8.41;;7.69;;;;;;;7.16;8.06;;5.48;;7.31;;;;;;;;;7.79;;;-5.45;
1902-01-01;;;;;;7.35;6.83;;;;;;6.7;;5.7;8.43;;7.77;;;;;;;7.23;8.14;;5.88;;7.27;;;;;;;;;7.81;;;-5.2;
1903-01-01;;;;;;8.51;7.78;;;;;;6.88;;6.58;9.47;;8.78;;;;;;;7.96;9.13;;6.12;;8.11;;;;;;;;;8.65;;;-4.89;
1904-01-01;;;;;;8.66;7.91;;;;;;7.13;;6.76;9.4;;8.87;;;;;;;8.31;9.24;;6.63;;8.53;;;;;;;;;8.8;;;-4.35;
1905-01-01;;;;;;8.05;7.47;;;;;;6.5;;5.55;9.15;;8.56;;;;;;;7.7;8.7;;5.8;;7.99;;;;;;;;;8.43;;;-5.52;
1906-01-01;;;;;;8.29;7.66;;;;;;6.67;;5.78;9.27;;8.59;;;;;;7.88;7.76;8.87;;5.94;;7.94;;;;;;;;;8.48;;;-5.19;
1907-01-01;;;;;;7.98;7.31;;;;;;6.77;;6.03;8.87;;8.2;;;;;;7.74;7.74;8.73;;6.02;;8.03;;;;;;;;;8.32;;;-5.23;
1908-01-01;;;;;;7.2;6.63;;;;;;6.18;;5.75;8.13;;7.38;;;;;;7.26;6.98;8.06;;5.67;;7.19;;;;;;;;;7.49;;;-5.1;
1909-01-01;;;;;;7.34;6.83;;;;;;5.88;;5.19;8.47;;7.43;;;;;;7.43;7.13;8.2;;5.08;;7.21;;;;;;;;;7.6;;;-6.03;
1910-01-01;;;;;;8.19;7.8;;;;;;6.81;;6.1;9.34;;8.3;;;;;;8.14;;9.08;;6.15;;8.03;;;;;;;;;8.5;;;-5.65;
1911-01-01;;;;;;8.89;8.43;;;;;;7.37;;7.18;10.03;;9.08;;;;;;8.61;8.89;9.81;;6.62;;8.56;;;;;;;;;9.15;;;-4.56;
1912-01-01;;;;;;7.54;7.38;;;;;;6.48;;5.82;8.97;;7.91;;;;;;7.13;7.73;8.48;;5.82;;7.29;;;;;;;;;8.07;;;-5.46;
1913-01-01;7.28;;;;;8.24;7.87;;;;;;6.92;;6.41;9.44;;8.49;;;;;;7.93;8.32;8.98;;6.31;;7.92;;;;;;;;;8.56;;;-4.98;
1914-01-01;7.19;;;;;8.14;7.69;;;;;;6.72;;6.17;9.27;;8.28;;;;;;7.64;8.12;8.95;;5.88;;7.68;;;;;;;;;8.39;;;-4.81;
1915-01-01;7.08;;;;;8.21;7.77;;;;;;6.56;;5.81;9.3;;8.35;;;;;;8.09;;;;5.86;;7.92;;;;;;;;;8.41;;;-5.53;
1916-01-01;7.65;;;;;8.88;8.32;;;;;;7.13;;6.48;9.65;;8.84;;;;;;8.69;;9.47;;6.45;;8.93;;;;;;;;;8.94;;;-4.54;
1917-01-01;6.73;;;;;7.48;7.12;;;;;;6.05;;5.35;8.53;;7.67;;;;;;7.46;;8.5;;5.25;;7.64;;;;;;;;;7.66;;;-5.33;
1918-01-01;7.72;;;;;8.58;8.1;;;;;;7.31;;6.7;9.43;;8.65;;;;;;8.36;;9.49;;6.5;;8.58;;;;;;7.88;;;8.63;;;-4.75;
1919-01-01;6.5;;;;;7.37;6.82;;;;;;6.17;;5.36;8.5;;7.53;;;;;;7.4;7.52;8.52;;5.41;;7.73;;;;;;7.08;;;7.67;;;-6.17;
1920-01-01;7.63;;;;;8.66;8.14;;;9.02;;;7.96;;7.08;9.67;;8.71;;;;;;8.68;8.83;;;7.16;;8.87;;;;;;8.32;;;8.98;7.84;;-3.24;
1921-01-01;8.14;;;;;8.86;8.26;;;9.21;;;7.66;;7.17;9.92;;8.95;;;;;;8.82;9.23;9.73;;6.95;;9.9;;;;;;8.5;;;9.15;7.94;;-3.77;
1922-01-01;6.3;;;;;6.98;6.48;;;7.6;;;6.29;;5.26;8.35;;7.19;;;;;;7.16;7.43;8.02;;5.64;;7.97;;;;;;7.11;;;7.54;6.75;;-5.33;
1923-01-01;7.16;;;;;7.96;7.5;;;8.45;;;7.4;;6.3;;;8.31;;;;;;8.18;8.53;9.01;;6.5;;8.98;;;;;;7.98;;;8.55;7.77;;-5.06;
1924-01-01;6.21;;;;;7.09;6.73;;;7.58;;;6.67;;5.83;;;7.53;;;;;;6.78;7.36;7.95;;5.72;;7.81;;;;;;6.92;;;7.48;6.74;;-4.72;
1925-01-01;7.04;;;;;8.03;8.01;;;8.47;;;6.64;;5.96;;;8.76;;;;;;7.63;8.19;8.86;;6.01;;8.36;;;;;;7.76;;;8.3;7.25;;-5.25;
1926-01-01;7.68;;;;;8.49;8.51;;;9.01;;;7.57;;6.73;10.14;;9.17;;;;;;8.35;8.92;9.69;;6.83;;8.7;;;;;;8.51;;;8.97;7.97;;-4.62;
1927-01-01;7.27;;;;;7.93;7.92;;;8.46;;;7.0;;6.27;9.62;;8.73;;;;;;8.02;8.34;9.12;;6.31;;8.26;;;;;;8.01;;;8.42;7.52;;-4.33;
1928-01-01;7.58;;;;;8.16;8.18;;;8.81;;;7.52;;6.66;10.25;;8.93;;;;;;8.51;8.92;9.62;;6.9;;8.78;;;;;;8.62;;;8.86;7.98;;-4.5;
1929-01-01;6.69;;;;;7.14;7.19;;;7.62;;;5.52;;5.97;9.01;;7.62;;;;;;6.82;7.61;8.65;;5.76;;7.25;;;;;;7.17;;;7.67;6.43;;-5.05;
1930-01-01;7.68;;;;;8.64;8.63;;;9.24;;;7.73;;6.89;9.87;;8.85;;;;;;8.57;8.84;9.86;;7.03;;8.77;;;;;;8.31;;;8.98;7.91;;-4.18;
1931-01-01;6.33;;;;;7.21;7.29;;;;;;6.12;;5.19;9.11;;7.73;;;;;;6.99;7.4;;;5.28;;7.47;;;;;;7.07;;;7.47;6.43;;-5.48;
1932-01-01;7.05;;;;;7.96;7.94;;;;;;7.02;;6.34;9.63;;8.34;;;;;;7.98;8.2;;;6.06;;8.31;;;;;;7.79;;;8.3;;;-4.25;
1933-01-01;6.44;;;;;7.19;7.33;;;;;;6.13;;5.42;9.04;;7.71;;;;;;6.93;7.46;;;5.5;;7.54;;;;;;7.04;;;7.54;;;-5.62;
1934-01-01;8.81;;;;;9.6;9.61;;;;;;7.93;;7.48;10.77;;9.77;;;;;;9.14;9.48;9.81;;7.02;;9.85;;;;;;8.92;;;9.58;;;-4.07;
1935-01-01;7.45;;;;;8.39;8.25;;;;;;6.89;;5.94;9.84;;8.71;;;;;;7.94;8.3;8.74;;5.97;;8.56;;;;;;7.91;;;8.47;;;-5.4;
1936-01-01;7.45;;;;;8.36;8.3;;;;;;7.37;;6.41;9.84;;8.81;;;;;;7.98;8.32;8.72;;6.52;;8.4;;;;;;7.93;;;8.53;;;-4.78;
1937-01-01;7.82;;;;;8.76;8.62;;;;8.39;;7.69;;6.87;9.92;;9.02;;;;;;8.22;8.7;9.07;;6.64;;8.86;;;;;;8.46;;8.18;8.32;;;-4.83;
1938-01-01;7.45;;7.59;;;8.44;8.33;7.38;;;8.06;;7.22;;6.65;9.43;;8.96;;;;;;7.61;8.32;8.77;;6.18;;8.47;;;;;;7.98;;7.65;7.94;;;-4.69;5.82
1939-01-01;7.03;;7.17;;;8.03;;;;;7.56;;7.0;;6.08;9.49;;8.78;;;;;;7.29;7.65;8.52;;5.68;;8.12;;;;;;7.58;;7.47;7.75;;;-4.88;5.3
1940-01-01;5.66;;6.1;;;5.68;;;;;6.32;;6.07;;5.16;7.77;;7.47;;;;;6.03;5.93;6.58;6.99;;4.99;;6.61;;;;;;6.56;;6.29;6.47;;;-5.78;4.64
1941-01-01;6.2;;6.46;;;6.08;7.3;;;;6.55;;6.34;;5.16;8.49;;7.91;7.83;;;;;6.46;6.72;7.35;;5.3;;6.89;;;;;;7.06;;6.74;6.78;;;-5.64;4.82
1942-01-01;6.5;;6.79;;;6.42;7.38;;;;7.15;;6.91;;6.02;8.61;;7.9;7.97;;;;6.65;6.59;6.87;7.63;;5.77;;7.12;;;;7.14;;7.26;;7.0;7.04;;;-4.71;6.09
1943-01-01;8.08;;8.32;;;8.09;9.0;;;;8.14;;8.18;;7.37;9.8;;9.18;9.65;;;;8.0;7.94;8.47;9.29;;6.7;;8.63;;;;8.63;;8.55;;8.51;8.76;;;-3.97;
1944-01-01;7.1;;7.15;;;7.13;8.18;;;;7.56;;;;5.67;9.44;;8.87;9.16;;;;;7.54;7.56;8.08;;5.43;;7.94;;;;8.01;;7.74;;7.66;7.73;;;-5.61;
1945-01-01;7.83;;;;;8.14;;;;;8.58;;;;;;;9.25;;;;;;8.03;8.54;8.93;;;;8.21;;;;;;8.54;;8.4;;;;;
1946-01-01;7.64;;8.09;;;7.8;;;;;8.52;;7.63;;6.73;;;8.48;;;;;;8.12;8.09;8.56;;6.32;;8.5;;;;;;8.38;;8.07;;;;-4.18;6.02
1947-01-01;8.2;;8.42;8.89;;8.41;8.78;;;9.71;8.95;6.4;8.21;6.52;7.51;10.12;;8.94;;;8.86;;;7.93;8.66;9.13;8.19;7.03;;8.58;;;;;;8.48;8.05;8.37;8.58;;9.78;-4.02;6.52
1948-01-01;8.24;;8.51;8.89;;8.69;8.79;;;9.5;8.96;6.71;8.18;7.1;7.45;10.08;;9.0;;9.16;8.75;;;8.3;8.52;9.1;8.17;6.86;;8.66;;8.71;;;7.01;8.62;8.22;8.62;8.49;;9.72;-3.8;6.38
1949-01-01;8.48;;8.48;8.91;9.8;8.8;8.96;;;9.66;8.9;6.95;8.11;7.08;7.35;10.45;;9.27;;9.04;8.98;8.56;;8.3;8.89;9.37;;6.77;7.78;8.76;;9.02;8.72;;7.24;8.57;8.31;8.56;8.53;;10.09;-4.0;6.4
1950-01-01;7.97;;8.4;8.84;9.33;8.47;8.21;;;;9.18;6.53;8.07;6.6;7.14;9.89;;8.73;;8.71;;;;8.14;8.54;8.93;8.29;6.8;7.53;8.47;8.86;8.42;;8.66;6.47;8.54;7.68;8.52;8.24;;9.44;-4.12;6.45
1951-01-01;8.02;;8.12;8.7;9.61;8.64;8.52;;;9.43;;6.7;7.85;6.95;7.04;10.29;;8.98;;8.79;;8.46;;8.3;8.52;9.02;8.24;6.62;7.49;8.44;8.66;8.54;;8.76;6.91;8.46;7.93;8.34;8.39;;9.65;-4.02;
1952-01-01;7.36;;7.58;8.3;8.37;7.63;7.88;;;8.79;;5.81;6.98;6.08;6.16;9.64;6.8;8.42;;8.39;;7.73;;7.6;8.05;8.46;7.21;5.92;6.76;8.01;8.1;7.85;;8.19;5.95;7.99;7.16;7.76;7.76;;9.05;-5.35;5.66
1953-01-01;8.41;;7.91;8.57;9.04;8.52;8.87;;;9.38;;7.1;7.63;7.15;7.13;10.24;7.09;8.99;;8.99;;8.54;;7.96;8.43;9.04;7.67;6.32;7.63;8.5;8.39;8.71;;8.66;7.15;8.24;7.87;8.0;8.35;;9.7;-3.69;6.95
1954-01-01;6.52;;6.96;7.69;7.94;7.17;7.5;;;8.3;;5.52;6.7;5.57;5.59;9.34;6.29;8.08;;8.01;;6.98;;7.12;7.5;7.99;6.96;5.58;6.21;7.53;7.59;7.42;;7.73;5.47;7.39;6.68;7.19;7.27;;8.55;-5.18;5.94
1955-01-01;;;7.05;7.54;7.67;6.88;7.21;;;7.81;;5.47;6.85;5.34;5.84;8.94;6.35;7.71;;7.72;;6.84;;6.91;7.33;7.64;7.01;5.77;6.1;7.18;7.53;7.21;;7.54;5.41;7.47;6.39;7.08;7.15;;8.22;-5.29;6.07
1956-01-01;6.02;;6.12;6.63;6.85;6.14;6.57;;;6.79;;4.75;6.06;4.58;4.88;8.37;5.31;7.22;;7.15;;6.18;;6.22;6.59;6.77;6.12;4.76;5.4;6.56;6.71;6.46;6.62;6.86;4.67;6.74;5.78;6.39;6.46;;7.63;-5.88;5.09
1957-01-01;7.83;;7.85;8.3;8.76;7.93;8.46;;;8.58;;6.64;7.78;6.63;6.8;10.04;7.0;8.9;;9.11;;8.0;;7.9;8.25;8.68;7.82;6.44;7.21;8.13;7.91;8.23;8.25;8.38;6.59;8.34;7.53;8.06;8.19;;9.33;-4.15;6.84
1958-01-01;7.64;;7.7;8.3;8.49;7.55;8.07;;;8.42;;6.17;7.47;6.3;6.43;9.81;6.81;8.49;;8.7;;7.99;;7.64;8.1;8.49;7.5;6.08;7.07;7.87;7.75;7.91;7.98;8.13;6.28;8.1;7.41;7.93;8.18;;9.05;-4.33;6.53
1959-01-01;8.41;;8.0;8.7;9.14;8.09;9.02;;;9.04;;7.2;8.03;7.11;7.46;10.59;7.16;9.33;;9.43;;8.64;7.89;8.05;8.63;8.98;7.76;6.49;7.74;8.37;8.2;8.76;8.49;8.48;7.52;8.31;7.9;8.09;8.67;;9.87;-3.65;7.01
1960-01-01;8.14;;7.81;8.42;8.9;7.74;8.36;;;8.78;;6.26;7.62;6.37;6.52;10.17;6.93;8.92;;8.89;;8.29;7.68;8.02;8.24;8.76;7.74;6.28;7.24;8.4;8.23;8.15;8.21;8.37;6.47;8.12;7.58;7.77;8.34;;9.35;-4.9;6.53
1961-01-01;8.51;;8.43;8.98;9.01;8.14;8.77;;;9.09;;7.0;8.52;7.15;7.67;10.38;7.75;9.14;;9.28;8.67;8.67;8.44;8.19;8.91;9.17;8.32;7.11;7.73;8.86;8.98;8.72;8.62;8.73;7.17;8.69;8.14;8.22;8.75;;9.72;-3.61;7.21
1962-01-01;6.7;;6.66;7.21;7.28;6.62;6.86;;;7.21;;5.05;6.55;5.22;5.54;8.67;5.71;7.32;;7.35;6.96;6.81;6.51;6.66;7.04;7.35;6.58;5.04;5.78;7.1;7.23;6.91;6.88;6.98;5.11;7.07;6.32;6.52;6.88;;7.97;-5.67;5.35
1963-01-01;6.8;;6.52;7.08;7.16;6.76;7.07;;6.47;7.18;;5.4;6.56;5.3;5.67;8.53;5.84;7.32;;7.16;6.98;6.89;6.49;6.57;6.78;7.34;6.68;5.17;6.09;6.99;7.2;6.89;6.85;7.01;;7.04;6.53;6.59;6.59;;7.95;-4.7;5.61
1964-01-01;7.63;;7.51;8.27;8.32;7.79;8.14;;7.71;8.45;;6.01;7.47;6.16;6.5;9.84;6.88;8.53;;8.21;8.0;7.88;7.65;7.46;8.23;8.62;7.37;6.21;6.77;7.94;8.11;8.16;7.77;8.12;6.28;7.64;7.29;7.5;8.05;;9.19;-4.12;6.36
1965-01-01;7.16;;6.8;7.48;7.73;7.35;7.47;;7.17;7.8;;5.37;6.74;5.57;5.46;9.14;6.03;7.92;;7.57;7.16;7.36;6.82;7.02;7.21;7.88;6.84;5.36;6.25;7.35;7.56;7.34;7.35;7.56;5.6;7.17;6.66;6.81;7.3;;8.35;-5.88;5.57
1966-01-01;8.36;;8.06;8.73;8.93;8.57;8.82;;8.37;8.93;;6.25;7.82;6.8;6.67;10.25;7.04;9.08;;8.88;8.52;8.63;7.96;8.37;8.57;9.05;8.24;6.38;7.63;8.66;8.81;8.52;8.6;8.86;6.9;8.44;8.0;8.11;8.48;;9.51;-4.98;6.6
1967-01-01;8.33;;8.08;8.79;9.0;8.65;8.76;;8.22;9.08;8.6;6.15;7.77;7.04;6.88;10.47;7.11;9.15;;8.96;8.45;8.76;7.94;8.23;8.7;9.3;8.46;6.22;7.54;8.63;8.96;8.74;8.43;8.88;6.95;8.5;7.97;7.9;8.5;;9.72;-4.61;6.54
1968-01-01;7.66;;7.53;8.15;8.31;7.91;8.05;;7.61;8.38;7.91;5.46;6.44;6.14;6.16;9.34;6.61;8.44;;8.13;7.65;8.1;7.43;7.69;7.68;8.49;7.42;5.91;6.85;7.96;8.36;7.88;;8.32;6.06;7.85;7.22;7.32;7.7;;8.8;-4.9;6.05
1969-01-01;7.51;;7.51;8.01;8.02;7.67;7.82;;7.23;8.09;7.8;5.54;6.01;5.89;5.97;9.1;6.24;8.17;;7.73;7.38;7.87;7.11;7.4;7.43;8.37;7.1;5.58;6.75;7.77;7.89;7.78;;7.93;6.01;7.61;7.1;7.1;7.67;;8.61;-4.86;5.71
1970-01-01;7.39;;7.36;8.02;8.0;7.67;7.69;;7.23;8.12;7.56;5.14;6.02;5.78;5.89;9.22;6.33;8.17;;7.74;7.25;7.81;7.28;7.31;7.77;8.43;7.26;5.45;6.58;7.68;7.92;7.84;7.47;7.97;5.69;7.61;6.91;7.18;7.71;;8.71;-5.41;5.59
1971-01-01;7.87;;;8.46;8.42;8.28;8.2;;7.72;8.52;8.26;6.12;6.13;6.59;6.68;9.65;6.45;8.66;;8.08;7.48;8.2;7.32;7.66;7.75;8.82;7.43;5.83;7.29;8.26;7.83;8.45;7.88;8.4;6.31;7.86;7.51;7.33;8.19;;9.26;-4.38;6.11
1972-01-01;7.23;;7.01;7.91;7.75;7.7;7.65;;7.03;8.13;7.68;5.43;6.1;5.95;6.39;9.07;6.4;8.01;;7.53;7.33;7.82;6.97;7.52;7.16;8.17;;5.96;6.8;7.72;7.55;7.82;7.45;8.02;5.92;7.49;7.05;7.1;7.51;;8.5;-4.4;5.91
1973-01-01;7.68;;7.06;8.14;8.22;7.84;7.91;;7.34;8.5;7.83;5.7;6.02;6.21;5.91;9.81;6.45;8.5;;7.97;7.46;8.06;7.14;7.25;7.55;8.59;7.01;5.62;6.83;8.07;7.77;8.21;7.39;8.07;5.96;7.78;7.24;7.14;7.87;;9.12;-5.03;5.63
1974-01-01;8.48;;7.95;8.93;9.12;8.6;8.61;;8.29;9.36;8.77;6.24;6.9;6.9;6.61;10.39;7.44;9.22;;8.87;8.45;8.89;8.13;8.52;8.47;9.39;8.16;6.34;7.82;8.82;8.77;8.69;8.33;9.13;6.7;8.85;8.03;8.14;8.79;;9.76;-5.23;6.47
1975-01-01;8.41;;7.83;8.79;9.17;8.19;8.7;;8.27;9.28;8.6;6.6;6.55;7.05;6.6;10.4;7.21;9.57;;8.78;8.44;8.88;7.86;8.32;8.39;9.36;8.03;6.42;7.69;8.72;8.55;8.78;8.07;;6.79;8.61;8.02;7.85;8.7;;9.81;-4.15;6.37
1976-01-01;8.33;;7.48;8.61;9.0;7.41;8.44;;7.95;9.03;8.45;6.12;6.42;6.58;6.57;10.46;6.81;9.51;;8.64;7.74;8.52;7.64;7.97;8.02;9.3;7.64;6.18;7.1;8.64;8.22;8.61;7.77;;6.4;8.21;7.77;7.62;8.32;;9.74;-5.14;6.11
1977-01-01;8.4;;8.12;9.0;9.06;7.8;8.48;;8.23;9.2;;6.2;6.91;6.8;6.98;10.25;7.53;9.38;;8.73;8.25;8.69;8.12;8.31;8.57;9.49;;6.71;7.3;8.78;9.01;8.64;8.16;;6.69;;7.84;8.18;8.71;;9.59;-4.52;
1978-01-01;7.3;;6.84;7.78;8.08;7.36;7.48;6.94;7.25;8.19;7.39;5.2;5.83;5.83;5.81;9.35;6.35;8.15;;7.77;7.05;7.55;7.08;6.96;7.46;8.26;7.14;5.7;6.12;7.59;7.79;7.59;7.04;;5.63;7.63;6.83;6.97;7.51;;8.64;-5.27;5.61
1979-01-01;7.8;;7.52;8.19;8.28;7.62;7.7;7.62;7.42;8.58;8.05;5.47;6.49;6.06;6.32;9.35;7.09;8.08;;7.93;7.8;7.86;7.83;7.73;8.18;8.64;7.82;6.33;6.61;8.09;8.62;7.99;7.47;;5.7;8.3;7.25;7.63;8.23;;8.81;-5.19;6.29
1980-01-01;7.32;;6.81;7.48;7.98;7.4;7.39;6.98;7.18;8.28;7.44;5.04;5.77;5.7;5.68;9.32;6.35;7.99;;7.61;7.44;7.49;7.13;7.06;7.59;8.26;7.07;5.53;6.09;7.5;7.81;7.65;7.03;;5.46;7.42;6.74;7.01;7.69;;8.66;-5.86;5.5
1981-01-01;7.91;;7.61;8.1;8.49;7.84;8.01;7.8;7.62;8.77;8.22;5.78;6.6;6.31;6.46;9.59;6.95;8.49;;8.02;7.91;8.11;7.84;7.71;8.25;8.85;7.66;6.08;6.81;8.33;8.44;8.13;7.7;;6.08;8.22;7.46;7.82;8.31;;8.98;-5.52;5.99
1982-01-01;8.4;;8.11;8.48;9.0;8.41;8.89;8.13;8.16;9.09;8.65;6.61;7.15;7.1;7.32;10.12;7.52;9.07;;8.73;8.23;8.9;8.28;8.32;8.57;9.3;8.56;6.81;7.41;8.56;8.86;8.69;7.98;;6.92;8.52;8.18;8.16;8.77;;9.5;-4.11;6.73
1983-01-01;8.63;;8.1;8.67;9.2;8.42;8.86;8.31;8.33;9.31;8.99;6.63;7.09;7.11;7.41;10.19;7.54;9.3;9.78;8.89;8.48;8.81;8.44;8.31;8.8;9.52;8.45;6.82;7.45;8.75;9.19;8.65;8.25;;6.78;8.8;8.28;8.26;8.89;;9.62;-3.84;6.8
1984-01-01;7.26;;6.78;7.57;8.17;7.42;7.77;7.14;7.34;8.17;7.78;5.31;6.07;5.9;6.2;9.2;6.59;8.25;8.82;7.74;7.24;7.95;7.33;7.38;7.6;8.26;7.6;5.86;6.41;7.6;8.14;7.39;7.15;;5.71;7.62;7.1;7.16;7.69;;8.52;-5.48;5.93
1985-01-01;6.84;;6.81;7.31;7.49;6.86;7.23;6.84;6.6;7.66;7.37;5.12;6.27;5.66;6.11;8.5;6.59;7.52;8.15;6.99;6.76;7.41;7.32;6.77;7.26;7.83;7.43;5.83;6.06;7.39;7.99;6.95;6.77;;5.26;7.34;6.77;6.84;7.34;;7.96;-5.07;5.77
1986-01-01;7.43;;7.41;7.84;8.4;7.58;7.9;7.5;7.45;8.55;8.07;5.63;6.52;6.1;6.43;9.23;6.93;8.23;8.97;7.85;7.71;8.03;7.62;7.59;7.83;8.64;7.93;6.12;6.66;7.94;8.43;7.67;7.38;;5.86;8.09;7.32;7.52;7.96;;8.66;-4.6;6.25
1987-01-01;6.97;8.08;7.17;7.66;7.76;7.04;7.21;7.16;6.91;8.01;7.7;5.09;6.42;5.37;6.21;8.78;6.72;7.72;8.57;6.94;7.32;7.23;7.5;7.19;7.62;8.09;7.89;6.06;6.09;7.6;;7.41;6.99;;5.15;7.9;6.8;6.95;7.68;;8.21;-4.87;6.06
1988-01-01;8.62;9.48;8.42;8.92;9.57;8.8;9.0;8.33;8.64;9.65;8.81;6.44;7.36;7.17;7.15;;7.81;9.43;10.11;8.84;8.89;9.04;8.7;8.62;9.01;9.77;;6.9;7.55;9.06;9.39;8.92;8.51;;6.87;9.0;8.28;8.2;9.09;;9.81;-4.54;6.83
1989-01-01;8.65;9.53;8.44;8.78;9.45;8.8;9.17;;8.66;9.65;9.06;7.14;7.19;7.64;7.95;10.37;7.84;9.54;10.25;8.84;8.71;9.12;8.63;8.49;8.9;9.88;8.25;7.04;7.66;9.02;9.44;9.09;8.55;;7.19;9.04;8.49;8.2;9.18;;10.11;-3.48;6.78
1990-01-01;8.71;9.51;8.68;8.91;9.51;8.87;9.17;8.45;8.76;9.69;9.2;;7.28;7.61;7.7;10.63;8.04;9.6;10.29;8.92;8.9;9.2;8.81;8.48;8.98;9.89;8.4;7.07;7.63;9.11;9.16;9.11;8.6;;7.02;9.04;8.53;8.33;9.37;;10.14;-4.03;6.68
1991-01-01;7.66;8.52;7.41;7.89;8.46;7.8;8.24;7.33;7.74;8.69;8.12;5.94;6.34;6.56;6.4;10.11;6.85;8.61;9.12;7.82;7.89;8.08;7.65;7.61;7.9;8.9;7.55;6.25;6.69;8.11;8.37;8.05;7.59;;6.15;7.99;7.59;7.23;8.31;;9.09;-4.46;5.7
1992-01-01;8.93;9.29;8.78;9.19;9.56;8.89;9.04;8.82;8.69;9.72;9.2;6.78;7.57;7.59;7.71;11.36;7.86;9.49;9.85;8.94;8.91;9.24;8.92;8.94;9.01;9.97;8.76;7.23;7.94;9.33;9.86;9.08;8.93;;7.12;9.4;8.61;8.73;9.49;;9.88;-3.49;6.9
1993-01-01;8.15;8.99;8.01;8.61;9.04;8.3;8.29;8.11;8.22;9.21;8.76;6.23;6.99;6.81;6.93;10.53;7.16;8.94;9.48;8.32;8.22;8.64;8.38;8.13;8.61;9.37;8.1;6.56;7.21;8.58;9.14;8.61;8.08;;6.43;8.68;7.9;8.12;8.89;;9.46;-4.36;6.37
1994-01-01;9.73;10.1;9.53;10.04;10.45;9.78;9.82;9.68;9.49;10.56;10.13;7.46;8.52;8.17;8.23;11.15;8.7;10.24;10.61;9.77;9.91;10.0;9.67;9.7;10.05;10.84;9.52;7.95;8.64;10.1;10.48;9.88;9.55;;7.79;10.16;9.3;9.53;10.3;;10.73;-3.61;7.76
1995-01-01;8.52;9.05;8.0;8.79;9.23;8.59;8.63;8.28;8.43;9.29;8.67;6.46;6.91;7.09;6.91;11.28;7.61;9.1;9.68;8.67;8.56;8.81;8.53;8.47;8.81;9.68;;6.2;7.41;8.89;9.35;8.82;8.41;8.68;6.72;8.8;8.1;8.11;9.03;;9.73;-4.73;6.39
1996-01-01;6.99;7.77;6.55;7.33;7.69;7.11;7.12;6.81;6.83;7.77;7.19;4.81;5.94;5.36;5.66;9.27;6.28;7.38;8.08;7.03;6.97;7.28;6.89;7.1;7.34;7.53;;5.36;5.84;7.4;7.87;7.3;6.82;7.13;5.06;7.4;6.56;6.58;7.46;;8.11;-4.96;6.02
1997-01-01;8.39;9.29;8.37;8.84;9.07;8.51;8.71;8.36;8.26;9.34;8.8;6.51;7.33;7.16;7.41;10.7;7.78;8.84;9.54;8.62;8.61;8.76;8.16;8.36;8.77;9.11;8.67;6.77;7.44;8.78;9.26;8.81;8.15;8.43;6.68;8.9;8.04;7.96;8.97;;9.73;-3.81;7.05
1998-01-01;8.88;9.81;8.56;8.74;9.35;9.05;8.77;8.68;8.19;9.67;;6.72;7.21;7.42;7.27;10.72;7.82;9.2;;8.92;8.66;8.96;8.64;8.75;9.07;9.41;;6.58;7.72;9.21;9.54;9.15;8.75;8.9;6.86;9.25;8.37;8.45;9.22;;9.99;-4.31;7.09
1999-01-01;8.8;9.56;8.43;8.7;9.69;9.34;9.11;8.58;8.36;9.88;;6.84;7.12;7.62;7.3;10.86;7.67;9.48;10.4;9.23;8.97;9.18;8.47;8.85;9.2;9.53;8.08;6.36;7.8;9.24;9.37;9.21;8.67;9.01;7.17;9.03;8.47;8.4;9.32;;10.17;-4.33;6.9
2000-01-01;9.44;9.65;9.23;9.28;10.12;9.84;9.7;9.37;8.88;10.38;9.68;7.55;7.93;8.34;8.18;11.65;8.51;9.83;10.98;9.68;9.47;9.86;;9.39;9.95;10.13;9.06;7.26;8.49;9.9;10.21;9.91;9.76;9.52;7.82;9.8;9.17;9.04;10.1;9.3;10.71;-3.8;7.62
2001-01-01;8.83;9.62;8.4;8.59;9.43;9.11;8.82;8.57;8.16;9.64;8.91;6.7;7.33;7.27;7.17;10.71;;9.17;10.2;9.02;8.77;8.98;8.23;8.66;9.19;9.26;8.29;6.64;7.58;9.05;9.56;9.07;8.92;8.79;6.93;9.17;8.19;8.28;9.27;8.54;9.84;-4.46;7.0
2002-01-01;8.97;9.69;9.16;9.12;9.98;9.22;9.4;9.32;8.76;10.23;9.65;7.3;8.16;7.77;8.1;11.33;8.52;9.77;10.71;9.48;9.41;9.6;8.9;9.25;9.59;9.82;;7.39;8.2;9.57;10.16;9.59;9.53;9.39;7.6;9.85;8.75;9.09;9.81;9.39;10.29;-3.53;7.91
2003-01-01;8.98;9.85;8.9;8.71;9.79;9.0;9.43;8.95;8.32;10.13;9.47;7.07;7.81;7.75;8.22;11.69;8.19;9.73;10.62;9.27;9.28;9.45;8.41;8.82;9.69;9.84;;6.97;8.24;9.54;9.49;9.57;9.29;8.97;7.53;9.25;8.77;8.66;9.79;8.73;10.51;-3.5;
2004-01-01;9.6;9.14;8.07;8.39;9.32;8.59;;8.42;7.98;9.59;8.76;6.44;;7.18;7.16;10.5;7.63;9.05;10.0;8.56;8.64;8.77;7.96;8.38;9.1;9.2;;6.47;7.41;8.94;9.05;8.86;8.81;8.6;6.8;8.87;8.06;;9.04;8.46;9.78;-4.53;
2005-01-01;8.28;8.95;7.82;7.94;9.22;8.76;;8.2;7.99;9.59;8.32;6.38;6.8;7.24;6.95;10.46;7.4;8.98;9.74;8.67;8.5;8.88;7.72;8.13;8.92;9.05;;6.04;7.44;8.73;8.85;8.63;8.75;8.24;6.85;8.6;8.12;;8.89;7.87;9.74;-5.02;
2006-01-01;8.87;9.57;8.38;8.64;9.89;8.99;8.96;;8.63;10.1;8.87;6.95;7.29;7.85;7.92;10.96;7.94;9.38;10.46;8.79;9.19;8.53;8.34;8.49;9.06;9.65;;6.69;8.06;9.29;8.81;9.33;9.06;8.81;7.37;8.68;8.68;;9.65;8.37;10.19;-3.57;
2007-01-01;9.49;9.89;8.93;9.37;10.24;9.14;9.48;9.33;8.97;10.2;9.68;7.53;8.03;8.31;7.96;11.05;8.61;9.8;10.69;;9.87;9.06;8.74;9.62;9.56;10.03;8.99;7.28;8.55;10.03;9.6;9.56;9.79;9.79;7.73;9.38;9.27;;9.98;9.12;10.52;-3.66;
2008-01-01;9.12;9.65;8.75;9.05;9.94;8.73;9.2;8.97;8.81;9.93;9.28;7.18;7.87;8.01;7.73;10.65;8.25;9.45;10.48;9.15;9.51;8.83;8.44;9.18;9.27;9.77;8.99;7.01;8.28;9.76;9.25;9.4;9.4;9.4;7.33;9.16;8.96;;9.78;8.79;10.24;-3.82;7.39
2009-01-01;8.79;9.21;8.63;8.67;9.21;8.44;8.8;8.7;8.49;9.57;9.06;6.92;7.76;7.66;7.73;;8.27;9.15;10.03;8.76;9.02;8.31;8.39;8.99;8.98;9.4;8.74;7.0;7.92;9.42;9.13;9.15;9.1;9.16;7.05;8.93;8.61;8.7;9.37;8.68;10.02;-4.23;7.29
2010-01-01;7.7;8.16;7.54;7.67;8.12;7.28;7.53;7.62;7.42;8.49;8.0;5.58;6.87;6.16;6.37;9.59;7.15;7.97;9.01;7.46;7.89;7.19;7.18;7.99;7.89;8.37;7.86;6.1;6.72;8.22;8.31;7.95;7.94;8.03;5.69;7.84;7.36;7.67;8.31;7.64;8.88;-5.31;6.54
2011-01-01;9.12;9.68;9.04;9.28;9.63;8.9;9.3;9.13;8.99;10.04;9.48;7.4;8.13;8.13;8.48;11.15;8.81;9.66;10.56;9.1;9.4;8.8;8.7;9.17;9.51;10.01;8.98;7.51;8.39;9.57;9.33;9.88;9.37;9.35;7.72;9.21;9.0;9.12;9.99;9.0;10.6;-2.72;7.55
2012-01-01;9.06;9.35;8.6;8.91;9.3;8.58;8.77;8.71;8.53;9.78;9.21;6.96;7.77;7.59;7.69;10.69;8.23;9.16;10.37;8.75;9.12;8.36;8.22;9.02;9.12;9.71;8.57;7.04;7.99;9.38;9.22;9.37;9.19;9.14;7.04;8.9;8.74;8.82;9.66;8.68;10.28;-3.42;7.14
2013-01-01;8.65;8.98;8.03;8.41;8.96;8.32;;8.19;8.22;9.31;8.78;6.47;7.37;6.9;6.95;10.35;;8.81;9.81;8.42;8.67;8.2;7.77;8.87;8.63;9.27;8.42;6.55;7.47;8.99;8.79;8.74;8.77;8.85;6.49;8.42;8.19;8.34;9.23;8.24;9.62;-3.96;6.97
2014-01-01;10.0;10.41;9.49;9.93;10.37;9.76;10.01;9.72;9.62;10.82;10.22;8.25;8.8;8.88;8.66;11.78;9.25;10.38;11.27;9.87;10.21;9.75;9.28;10.05;10.23;10.8;9.73;8.15;9.09;10.47;10.07;10.4;10.21;10.19;8.45;9.88;9.95;9.85;10.65;9.67;11.21;-3.14;8.43
2015-01-01;9.91;10.22;9.53;9.7;10.29;9.69;9.69;9.78;9.46;10.75;10.27;7.93;8.44;8.69;8.81;11.47;9.04;10.17;11.18;9.7;10.16;9.47;9.06;9.85;10.08;10.68;9.22;7.71;8.87;10.33;9.97;10.24;10.1;10.04;8.06;9.84;9.75;9.78;9.96;9.46;11.01;-2.85;8.06
2016-01-01;9.21;9.53;9.08;9.24;9.53;9.02;9.17;;8.79;10.04;9.56;7.32;8.31;8.13;8.15;10.87;8.58;9.5;10.55;9.05;9.59;8.97;8.67;9.26;9.52;10.02;9.08;7.62;8.1;9.73;9.69;9.47;9.47;9.54;7.5;9.33;9.06;9.28;9.42;9.18;10.32;-3.64;7.86
2017-01-01;9.3;9.61;8.94;9.15;9.53;9.08;;9.09;8.84;10.08;9.53;7.34;8.06;8.18;8.02;11.06;8.55;9.63;10.57;9.14;9.44;8.95;8.67;9.02;9.54;10.04;8.71;7.19;8.17;9.68;9.48;9.55;9.46;9.48;7.51;9.18;9.07;9.13;9.5;9.01;10.36;-3.86;7.54
2018-01-01;10.39;10.58;9.86;10.05;10.74;10.05;10.45;;;11.3;10.66;8.3;8.91;9.14;8.94;12.2;9.45;10.76;11.64;10.2;10.68;10.0;9.47;10.53;10.5;11.2;9.92;8.2;9.36;10.8;10.48;10.67;10.5;10.79;8.65;10.22;10.16;10.15;10.41;;11.66;-3.0;8.61
2019-01-01;10.09;10.19;9.55;9.66;10.3;9.68;9.95;9.68;9.56;10.77;10.24;8.2;8.64;9.03;8.68;11.66;8.91;10.31;11.17;9.2;10.25;9.69;9.04;10.07;10.14;10.66;9.4;7.66;9.19;10.45;10.16;10.27;10.22;10.28;8.49;9.92;9.72;9.72;10.05;9.46;11.17;-3.2;8.17
2020-01-01;9.96;10.41;9.58;9.76;10.22;9.54;9.94;9.7;9.61;10.68;9.91;8.06;8.41;8.98;8.98;12.03;9.21;10.39;11.29;9.81;10.06;9.57;9.33;9.85;10.21;10.59;9.38;8.07;8.92;10.16;10.05;10.39;9.99;9.98;8.37;9.86;9.55;9.62;10.04;9.28;11.31;-2.69;
2021-01-01;8.85;9.13;8.45;8.56;9.04;8.36;8.51;8.62;8.42;9.48;8.98;6.83;7.41;7.57;7.56;10.52;7.94;8.95;9.9;8.41;8.94;8.29;8.15;8.8;8.95;9.34;8.51;6.9;7.78;9.16;9.15;9.04;8.98;8.97;7.02;8.9;8.28;8.57;8.87;8.36;9.83;-4.05;7.21
2022-01-01;10.35;10.81;10.0;10.18;10.59;9.9;10.31;10.2;9.95;11.07;10.55;8.38;9.0;9.19;9.27;12.34;9.61;10.76;11.61;10.08;10.7;9.82;9.81;10.27;10.57;10.99;9.85;8.54;9.43;10.74;10.52;10.81;10.53;10.5;8.81;10.43;9.96;10.09;10.63;10.04;11.61;-2.67;8.57
